Nelie,Chesher,nchesher0@pbs.org
Olivero,Mahaddy,omahaddy1@redcross.org
Anna-diana,Smallcomb,asmallcomb2@google.com
Fidole,Davidsohn,fdavidsohn3@a8.net
Marcelle,MacIan,mmacian4@psu.edu
Hamlen,Berardt,hberardt5@wikia.com
Othelia,Barsam,obarsam6@nsw.gov.au
Jarrad,Challin,jchallin7@ezinearticles.com
Hartwell,Lawrey,hlawrey8@opensource.org
Arte,Haglington,ahaglington9@furl.net
Mitzi,Roj,mroja@nymag.com
Esteban,Archbutt,earchbuttb@columbia.edu
Perceval,Yeend,pyeendc@rambler.ru
Boy,Lowthian,blowthiand@nba.com
Ilene,Carlyon,icarlyone@posterous.com
Colline,Wren,cwrenf@ihg.com
Winna,Knolles-Green,wknollesgreeng@hatena.ne.jp
Leah,Simunek,lsimunekh@mashable.com
Yance,Coker,ycokeri@slate.com
Nappie,Coupman,ncoupmanj@ucoz.com
Rudyard,Trassler,rtrasslerk@army.mil
Ophelie,Cryer,ocryerl@wisc.edu
Bernardine,Monsey,bmonseym@google.ru
Doralin,Hamlett,dhamlettn@icq.com
Ulric,Perillo,uperilloo@ftc.gov
Margette,Trayton,mtraytonp@wunderground.com
Sly,Crossman,scrossmanq@goodreads.com
Eduardo,Venes,evenesr@dailymotion.com
Kellen,Sangster,ksangsters@disqus.com
Dorey,Higford,dhigfordt@people.com.cn
Parke,Tipperton,ptippertonu@cloudflare.com
Ezri,Craddy,ecraddyv@about.me
Zeke,Standen,zstandenw@cnet.com
Elset,Daveren,edaverenx@indiegogo.com
Sheeree,McAuley,smcauleyy@ucoz.ru
Cathlene,Tingley,ctingleyz@jigsy.com
Zachariah,Counsell,zcounsell10@ycombinator.com
Em,Stubbin,estubbin11@prnewswire.com
Audi,Macrow,amacrow12@bluehost.com
Kaycee,Cleve,kcleve13@quantcast.com
Millicent,Brech,mbrech14@so-net.ne.jp
Elsinore,Smales,esmales15@drupal.org
Rickert,Francom,rfrancom16@blogtalkradio.com
Waylen,Steanson,wsteanson17@slate.com
Roderigo,Argontt,rargontt18@myspace.com
Kahaleel,Lockhead,klockhead19@narod.ru
Skye,Ryles,sryles1a@dedecms.com
Tadeo,Aberkirder,taberkirder1b@comcast.net
Otto,Rushmere,orushmere1c@hp.com
Starla,Lambertini,slambertini1d@nasa.gov
Darcy,Leggan,dleggan1e@aboutads.info
Corny,Childs,cchilds1f@people.com.cn
Shawnee,Stonelake,sstonelake1g@miitbeian.gov.cn
Melamie,Piatti,mpiatti1h@globo.com
Art,Nitto,anitto1i@hugedomains.com
Randi,Oneil,roneil1j@canalblog.com
Sybil,Hugueville,shugueville1k@ocn.ne.jp
Alyse,Lynett,alynett1l@tripod.com
Fred,Ballister,fballister1m@nba.com
Chance,Ayree,cayree1n@studiopress.com
Hiram,Smurthwaite,hsmurthwaite1o@blogs.com
Prissie,Koschke,pkoschke1p@tamu.edu
Florenza,Bloomfield,fbloomfield1q@pen.io
Kerk,Dockerty,kdockerty1r@wunderground.com
Ab,Cary,acary1s@freewebs.com
Rochell,Elliston,relliston1t@spotify.com
Hew,Stigell,hstigell1u@rakuten.co.jp
Erich,Frisch,efrisch1v@usgs.gov
Ester,Luten,eluten1w@wp.com
James,Firsby,jfirsby1x@answers.com
Kirsteni,Boyan,kboyan1y@pcworld.com
Cesare,Meers,cmeers1z@blogs.com
Astrid,Gouthier,agouthier20@theguardian.com
Thalia,Pocknell,tpocknell21@ibm.com
Adelheid,Hearfield,ahearfield22@cbslocal.com
Dudley,Bonin,dbonin23@dailymotion.com
Kev,Petyakov,kpetyakov24@upenn.edu
Jacob,McAllister,jmcallister25@indiatimes.com
Regan,Bellhanger,rbellhanger26@netlog.com
Phineas,Kyle,pkyle27@simplemachines.org
Sarajane,Alexandre,salexandre28@epa.gov
Ashely,Elliker,aelliker29@barnesandnoble.com
Wandie,Hartlebury,whartlebury2a@chicagotribune.com
Alain,O'Longain,aolongain2b@mtv.com
Beatrice,De Miranda,bdemiranda2c@de.vu
Far,Critch,fcritch2d@cisco.com
Aeriell,Leeds,aleeds2e@tinyurl.com
Dion,Hillock,dhillock2f@icq.com
Willa,Reynoldson,wreynoldson2g@cnet.com
Nichole,Chicotti,nchicotti2h@nature.com
Bethina,Grout,bgrout2i@sakura.ne.jp
Chad,Ashdown,cashdown2j@about.com
Ursola,Freiberg,ufreiberg2k@dailymail.co.uk
Essie,Chstney,echstney2l@parallels.com
Linet,Crimpe,lcrimpe2m@uiuc.edu
Arne,Faircley,afaircley2n@google.nl
Johnnie,Inglesant,jinglesant2o@t.co
Martita,MacGray,mmacgray2p@google.es
Minnie,Spilisy,mspilisy2q@parallels.com
Flossie,Sparsholt,fsparsholt2r@hexun.com
Clement,Ickowics,cickowics2s@instagram.com
Michal,Shill,mshill2t@lulu.com
Chauncey,Gath,cgath2u@about.com
Jannelle,Kerner,jkerner2v@purevolume.com
Standford,Iacovozzo,siacovozzo2w@prlog.org
Nicol,MacClay,nmacclay2x@themeforest.net
Jody,Korneichuk,jkorneichuk2y@cpanel.net
Sibeal,Seale,sseale2z@bigcartel.com
Lammond,Steele,lsteele30@examiner.com
Miner,Brahms,mbrahms31@nbcnews.com
Codi,Finey,cfiney32@hc360.com
Hedda,Leither,hleither33@google.com.hk
Templeton,Elion,telion34@google.es
Pinchas,Seeger,pseeger35@seesaa.net
Amerigo,Poulsum,apoulsum36@jiathis.com
Erastus,Fairclough,efairclough37@clickbank.net
Rorke,Grotty,rgrotty38@exblog.jp
Harlin,Gabitis,hgabitis39@goodreads.com
Meghan,Fenwick,mfenwick3a@youtu.be
Maximilian,Collett,mcollett3b@weather.com
Raymund,Skentelbury,rskentelbury3c@woothemes.com
Cristen,Bartolomeo,cbartolomeo3d@blog.com
Arturo,Birkbeck,abirkbeck3e@amazon.com
Salomone,Kenna,skenna3f@ucsd.edu
Chas,Tagg,ctagg3g@irs.gov
Alma,Sineath,asineath3h@flickr.com
Ferdinanda,Danit,fdanit3i@ucoz.com
Irvin,Krzysztof,ikrzysztof3j@comcast.net
Otto,MacKnocker,omacknocker3k@prnewswire.com
Feliza,Raiment,fraiment3l@last.fm
Harman,Braiden,hbraiden3m@hhs.gov
Cordey,Baldree,cbaldree3n@abc.net.au
Fulton,Bettridge,fbettridge3o@nasa.gov
Derek,Casaletto,dcasaletto3p@dailymail.co.uk
Drusie,Vallery,dvallery3q@is.gd
Wenona,Fink,wfink3r@usnews.com
Manny,Douch,mdouch3s@apple.com
Chilton,Olivello,colivello3t@meetup.com
Vita,Spelling,vspelling3u@cmu.edu
Markus,Bakhrushin,mbakhrushin3v@netlog.com
Glennis,Icke,gicke3w@ycombinator.com
Eziechiele,Domelow,edomelow3x@macromedia.com
Kristina,Decroix,kdecroix3y@cargocollective.com
Jessa,Shrimpton,jshrimpton3z@infoseek.co.jp
Trenna,Castellet,tcastellet40@icq.com
Rosemary,Sidsaff,rsidsaff41@gmpg.org
Arabella,Whitmore,awhitmore42@techcrunch.com
Thalia,Degue,tdegue43@google.com.au
Gracie,Demko,gdemko44@sakura.ne.jp
Jareb,Tiebe,jtiebe45@last.fm
Marlowe,Yankov,myankov46@baidu.com
Joete,Plowell,jplowell47@livejournal.com
Koralle,Tyer,ktyer48@t.co
Norrie,Passler,npassler49@163.com
Gaylord,Yakunchikov,gyakunchikov4a@ox.ac.uk
Lara,Scadden,lscadden4b@nih.gov
Madelena,Founds,mfounds4c@narod.ru
Lisle,Giddings,lgiddings4d@ucoz.ru
Petunia,Chesshyre,pchesshyre4e@prnewswire.com